<environmentvariabledefinition schemaname="tec_PAYPAL_CLIENT_ID">
  <description default="PayPal client id">
    <label description="PayPal client id" languagecode="1033" />
  </description>
  <displayname default="PAYPAL_CLIENT_ID">
    <label description="PAYPAL_CLIENT_ID" languagecode="1033" />
  </displayname>
  <introducedversion>1.0.0.0</introducedversion>
  <iscustomizable>1</iscustomizable>
  <isrequired>0</isrequired>
  <secretstore>0</secretstore>
  <type>100000000</type>
</environmentvariabledefinition>