{
  "properties": {
    "connectionReferences": {
      "shared_commondataserviceforapps": {
        "runtimeSource": "embedded",
        "connection": {
          "connectionReferenceLogicalName": "tec_sharedcommondataserviceforapps_09836"
        },
        "api": {
          "name": "shared_commondataserviceforapps"
        }
      }
    },
    "definition": {
      "$schema": "https://schema.management.azure.com/providers/Microsoft.Logic/schemas/2016-06-01/workflowdefinition.json#",
      "contentVersion": "1.0.0.0",
      "parameters": {
        "$connections": {
          "defaultValue": {},
          "type": "Object"
        },
        "$authentication": {
          "defaultValue": {},
          "type": "SecureObject"
        },
        "PAYPAL_CLIENT_ID (tec_PAYPAL_CLIENT_ID)": {
          "defaultValue": "AfbV-SxRXjj1dNqdbTRMAm0etElYCQ4OhxEYRJsOUmo8SX1sVY4NsdA-u8qCAdPeU-0Ga5nZ7xx2sCJM",
          "type": "String",
          "metadata": {
            "schemaName": "tec_PAYPAL_CLIENT_ID",
            "description": "PayPal client id"
          }
        },
        "PAYPAL_CLIENT_SECRET (tec_PAYPAL_CLIENT_SECRET)": {
          "defaultValue": "EHTRn3XgplZmQUsn641Jlk9spOdBdBJbMyx1XiFCG7FnDCB2SbPdbofjhQ7IzcbSbnPzWuaQoj_Qzjai",
          "type": "String",
          "metadata": {
            "schemaName": "tec_PAYPAL_CLIENT_SECRET",
            "description": "PayPal client secret"
          }
        }
      },
      "triggers": {
        "manual": {
          "metadata": {
            "operationMetadataId": "e2b601c2-f03d-43c6-95a5-d02b4b68845d"
          },
          "type": "Request",
          "kind": "PowerPages",
          "inputs": {
            "schema": {
              "type": "object",
              "properties": {
                "text": {
                  "title": "order_id",
                  "type": "string",
                  "x-ms-dynamically-added": true,
                  "description": "Please enter your input",
                  "x-ms-content-hint": "TEXT"
                }
              },
              "required": [
                "text"
              ]
            }
          }
        }
      },
      "actions": {
        "Authenticate_request": {
          "runAfter": {},
          "metadata": {
            "operationMetadataId": "37849c51-1f53-404a-bdbf-f78e8a13700a"
          },
          "type": "Http",
          "inputs": {
            "method": "POST",
            "uri": "https://api-m.sandbox.paypal.com/v1/oauth2/token",
            "headers": {
              "Content-Type": "application/x-www-form-urlencoded"
            },
            "body": "grant_type=client_credentials",
            "authentication": {
              "type": "Basic",
              "username": "@parameters('PAYPAL_CLIENT_ID (tec_PAYPAL_CLIENT_ID)')",
              "password": "@parameters('PAYPAL_CLIENT_SECRET (tec_PAYPAL_CLIENT_SECRET)')"
            }
          }
        },
        "Parse_Authenticate_response": {
          "runAfter": {
            "Authenticate_request": [
              "Succeeded"
            ]
          },
          "metadata": {
            "operationMetadataId": "151f2d30-8d13-4163-a7f2-ac3720042a5d"
          },
          "type": "ParseJson",
          "inputs": {
            "content": "@body('Authenticate_request')",
            "schema": {
              "type": "object",
              "properties": {
                "scope": {
                  "type": "string"
                },
                "access_token": {
                  "type": "string"
                },
                "token_type": {
                  "type": "string"
                },
                "app_id": {
                  "type": "string"
                },
                "expires_in": {
                  "type": "integer"
                },
                "nonce": {
                  "type": "string"
                }
              }
            }
          }
        },
        "Capture_Order_request": {
          "runAfter": {
            "Parse_Authenticate_response": [
              "Succeeded"
            ]
          },
          "metadata": {
            "operationMetadataId": "db981e66-a8e5-45da-a2cc-312c9b7ac6e5"
          },
          "type": "Http",
          "inputs": {
            "method": "POST",
            "uri": "https://api-m.sandbox.paypal.com/v2/checkout/orders/@{triggerBody()['text']}/capture",
            "headers": {
              "Content-Type": "application/json"
            },
            "body": {},
            "authentication": {
              "type": "Raw",
              "value": "Bearer @{body('Parse_Authenticate_response')?['access_token']}"
            }
          }
        },
        "Compose": {
          "runAfter": {
            "Capture_Order_request": [
              "Succeeded"
            ]
          },
          "metadata": {
            "operationMetadataId": "83487cf8-32e9-4409-b5fb-b94f7c2a0fc1"
          },
          "type": "Compose",
          "inputs": "@body('Capture_Order_request')"
        },
        "Return_value(s)_to_Power_Pages": {
          "runAfter": {
            "Update_a_row": [
              "Succeeded"
            ]
          },
          "metadata": {
            "operationMetadataId": "ce348a97-7d8a-481e-ad06-c8b0a797e253"
          },
          "type": "Response",
          "kind": "PowerPages",
          "inputs": {
            "statusCode": 200,
            "body": {
              "status_code": "@{outputs('Capture_Order_request')['statusCode']}",
              "order_data": "@{outputs('Compose')}"
            },
            "schema": {
              "type": "object",
              "properties": {
                "status_code": {
                  "title": "status_code",
                  "x-ms-dynamically-added": true,
                  "type": "string"
                },
                "order_data": {
                  "title": "order_data",
                  "x-ms-dynamically-added": true,
                  "type": "string"
                }
              }
            }
          }
        },
        "Parse_JSON": {
          "runAfter": {
            "Compose": [
              "Succeeded"
            ]
          },
          "metadata": {
            "operationMetadataId": "ad124275-50ed-4394-ae16-53e45fe85947"
          },
          "type": "ParseJson",
          "inputs": {
            "content": "@body('Capture_Order_request')",
            "schema": {
              "type": "object",
              "properties": {
                "id": {
                  "type": "string"
                },
                "status": {
                  "type": "string"
                },
                "payment_source": {
                  "type": "object",
                  "properties": {
                    "paypal": {
                      "type": "object",
                      "properties": {
                        "email_address": {
                          "type": "string"
                        },
                        "account_id": {
                          "type": "string"
                        },
                        "account_status": {
                          "type": "string"
                        },
                        "name": {
                          "type": "object",
                          "properties": {
                            "given_name": {
                              "type": "string"
                            },
                            "surname": {
                              "type": "string"
                            }
                          }
                        },
                        "address": {
                          "type": "object",
                          "properties": {
                            "country_code": {
                              "type": "string"
                            }
                          }
                        }
                      }
                    }
                  }
                },
                "purchase_units": {
                  "type": "array",
                  "items": {
                    "type": "object",
                    "properties": {
                      "reference_id": {
                        "type": "string"
                      },
                      "payments": {
                        "type": "object",
                        "properties": {
                          "captures": {
                            "type": "array",
                            "items": {
                              "type": "object",
                              "properties": {
                                "id": {
                                  "type": "string"
                                },
                                "status": {
                                  "type": "string"
                                },
                                "amount": {
                                  "type": "object",
                                  "properties": {
                                    "currency_code": {
                                      "type": "string"
                                    },
                                    "value": {
                                      "type": "string"
                                    }
                                  }
                                },
                                "final_capture": {
                                  "type": "boolean"
                                },
                                "seller_protection": {
                                  "type": "object",
                                  "properties": {
                                    "status": {
                                      "type": "string"
                                    }
                                  }
                                },
                                "seller_receivable_breakdown": {
                                  "type": "object",
                                  "properties": {
                                    "gross_amount": {
                                      "type": "object",
                                      "properties": {
                                        "currency_code": {
                                          "type": "string"
                                        },
                                        "value": {
                                          "type": "string"
                                        }
                                      }
                                    },
                                    "paypal_fee": {
                                      "type": "object",
                                      "properties": {
                                        "currency_code": {
                                          "type": "string"
                                        },
                                        "value": {
                                          "type": "string"
                                        }
                                      }
                                    },
                                    "net_amount": {
                                      "type": "object",
                                      "properties": {
                                        "currency_code": {
                                          "type": "string"
                                        },
                                        "value": {
                                          "type": "string"
                                        }
                                      }
                                    }
                                  }
                                },
                                "links": {
                                  "type": "array",
                                  "items": {
                                    "type": "object",
                                    "properties": {
                                      "href": {
                                        "type": "string"
                                      },
                                      "rel": {
                                        "type": "string"
                                      },
                                      "method": {
                                        "type": "string"
                                      }
                                    },
                                    "required": [
                                      "href",
                                      "rel",
                                      "method"
                                    ]
                                  }
                                },
                                "create_time": {
                                  "type": "string"
                                },
                                "update_time": {
                                  "type": "string"
                                }
                              },
                              "required": [
                                "id",
                                "status",
                                "amount",
                                "final_capture",
                                "seller_protection",
                                "seller_receivable_breakdown",
                                "links",
                                "create_time",
                                "update_time"
                              ]
                            }
                          }
                        }
                      }
                    },
                    "required": [
                      "reference_id",
                      "payments"
                    ]
                  }
                },
                "payer": {
                  "type": "object",
                  "properties": {
                    "name": {
                      "type": "object",
                      "properties": {
                        "given_name": {
                          "type": "string"
                        },
                        "surname": {
                          "type": "string"
                        }
                      }
                    },
                    "email_address": {
                      "type": "string"
                    },
                    "payer_id": {
                      "type": "string"
                    },
                    "address": {
                      "type": "object",
                      "properties": {
                        "country_code": {
                          "type": "string"
                        }
                      }
                    }
                  }
                },
                "links": {
                  "type": "array",
                  "items": {
                    "type": "object",
                    "properties": {
                      "href": {
                        "type": "string"
                      },
                      "rel": {
                        "type": "string"
                      },
                      "method": {
                        "type": "string"
                      }
                    },
                    "required": [
                      "href",
                      "rel",
                      "method"
                    ]
                  }
                }
              }
            }
          }
        },
        "List_rows": {
          "runAfter": {
            "Parse_JSON": [
              "Succeeded"
            ]
          },
          "metadata": {
            "operationMetadataId": "0002e243-6a34-440b-bfa4-f0be3aae4d3d"
          },
          "type": "OpenApiConnection",
          "inputs": {
            "host": {
              "connectionName": "shared_commondataserviceforapps",
              "operationId": "ListRecords",
              "apiId": "/providers/Microsoft.PowerApps/apis/shared_commondataserviceforapps"
            },
            "parameters": {
              "entityName": "pp_payments",
              "$filter": "pp_paymentidentifier eq '@{triggerBody()['text']}'"
            },
            "authentication": "@parameters('$authentication')"
          }
        },
        "Update_a_row": {
          "runAfter": {
            "List_rows": [
              "Succeeded"
            ]
          },
          "metadata": {
            "operationMetadataId": "54a95c5a-a40b-48a4-a5a0-6a1be187e878"
          },
          "type": "OpenApiConnection",
          "inputs": {
            "host": {
              "connectionName": "shared_commondataserviceforapps",
              "operationId": "UpdateRecord",
              "apiId": "/providers/Microsoft.PowerApps/apis/shared_commondataserviceforapps"
            },
            "parameters": {
              "entityName": "pp_payments",
              "recordId": "@first(outputs('List_rows')?['body/value'])?['pp_paymentid']",
              "item/pp_paymentstatus": 3,
              "item/pp_paymentdetails": "@body('Parse_JSON')?['purchase_units']?[0]?['payments']?['captures']?[0]?['id']",
              "item/pp_paymentstatusreason": "@body('Parse_JSON')?['status']"
            },
            "authentication": "@parameters('$authentication')"
          }
        }
      },
      "outputs": {}
    },
    "templateName": ""
  },
  "schemaVersion": "1.0.0.0"
}