{
  "properties": {
    "connectionReferences": {
      "shared_commondataserviceforapps": {
        "runtimeSource": "embedded",
        "connection": {
          "connectionReferenceLogicalName": "tec_sharedcommondataserviceforapps_09836"
        },
        "api": {
          "name": "shared_commondataserviceforapps"
        }
      }
    },
    "definition": {
      "$schema": "https://schema.management.azure.com/providers/Microsoft.Logic/schemas/2016-06-01/workflowdefinition.json#",
      "contentVersion": "1.0.0.0",
      "parameters": {
        "$connections": {
          "defaultValue": {},
          "type": "Object"
        },
        "$authentication": {
          "defaultValue": {},
          "type": "SecureObject"
        },
        "PAYPAL_CLIENT_ID (tec_PAYPAL_CLIENT_ID)": {
          "defaultValue": "AfbV-SxRXjj1dNqdbTRMAm0etElYCQ4OhxEYRJsOUmo8SX1sVY4NsdA-u8qCAdPeU-0Ga5nZ7xx2sCJM",
          "type": "String",
          "metadata": {
            "schemaName": "tec_PAYPAL_CLIENT_ID",
            "description": "PayPal client id"
          }
        },
        "PAYPAL_CLIENT_SECRET (tec_PAYPAL_CLIENT_SECRET)": {
          "defaultValue": "EHTRn3XgplZmQUsn641Jlk9spOdBdBJbMyx1XiFCG7FnDCB2SbPdbofjhQ7IzcbSbnPzWuaQoj_Qzjai",
          "type": "String",
          "metadata": {
            "schemaName": "tec_PAYPAL_CLIENT_SECRET",
            "description": "PayPal client secret"
          }
        }
      },
      "triggers": {
        "manual": {
          "metadata": {
            "operationMetadataId": "2d0e08fe-275d-48ee-b742-53b1b4cdd220"
          },
          "type": "Request",
          "kind": "PowerPages",
          "inputs": {
            "schema": {
              "type": "object",
              "properties": {
                "number": {
                  "title": "amount",
                  "type": "number",
                  "x-ms-dynamically-added": true,
                  "description": "Please enter a number",
                  "x-ms-content-hint": "NUMBER"
                }
              },
              "required": [
                "number"
              ]
            }
          }
        }
      },
      "actions": {
        "Authenticate_request": {
          "runAfter": {},
          "metadata": {
            "operationMetadataId": "742cfec0-f4e1-4803-b1cb-6e4f65f6ea0e"
          },
          "type": "Http",
          "inputs": {
            "method": "POST",
            "uri": "https://api-m.sandbox.paypal.com/v1/oauth2/token",
            "headers": {
              "Content-Type": "application/x-www-form-urlencoded"
            },
            "body": "grant_type=client_credentials",
            "authentication": {
              "type": "Basic",
              "username": "@parameters('PAYPAL_CLIENT_ID (tec_PAYPAL_CLIENT_ID)')",
              "password": "@parameters('PAYPAL_CLIENT_SECRET (tec_PAYPAL_CLIENT_SECRET)')"
            }
          }
        },
        "Return_value(s)_to_Power_Pages": {
          "runAfter": {
            "Add_a_new_row": [
              "Succeeded"
            ]
          },
          "metadata": {
            "operationMetadataId": "f8cbaccc-5a06-46e1-b04b-7d3d030e8787"
          },
          "type": "Response",
          "kind": "PowerPages",
          "inputs": {
            "statusCode": 200,
            "body": {
              "order_id": "@body('Parse_Create_Order_response')?['id']"
            },
            "schema": {
              "type": "object",
              "properties": {
                "order_id": {
                  "title": "order_id",
                  "x-ms-dynamically-added": true,
                  "type": "string"
                }
              }
            }
          }
        },
        "Parse_Authenticate_response": {
          "runAfter": {
            "Authenticate_request": [
              "Succeeded"
            ]
          },
          "metadata": {
            "operationMetadataId": "0f19a28f-09c1-4858-9575-10ba0f4cf28d"
          },
          "type": "ParseJson",
          "inputs": {
            "content": "@body('Authenticate_request')",
            "schema": {
              "type": "object",
              "properties": {
                "scope": {
                  "type": "string"
                },
                "access_token": {
                  "type": "string"
                },
                "token_type": {
                  "type": "string"
                },
                "app_id": {
                  "type": "string"
                },
                "expires_in": {
                  "type": "integer"
                },
                "nonce": {
                  "type": "string"
                }
              }
            }
          }
        },
        "Create_Order_request": {
          "runAfter": {
            "Parse_Authenticate_response": [
              "Succeeded"
            ]
          },
          "metadata": {
            "operationMetadataId": "742cfec0-f4e1-4803-b1cb-6e4f65f6ea0e"
          },
          "type": "Http",
          "inputs": {
            "method": "POST",
            "uri": "https://api-m.sandbox.paypal.com/v2/checkout/orders",
            "headers": {
              "Content-Type": "application/json"
            },
            "body": {
              "intent": "CAPTURE",
              "purchase_units": [
                {
                  "amount": {
                    "currency_code": "USD",
                    "value": "@triggerBody()['number']"
                  }
                }
              ],
              "payment_source": {
                "paypal": {
                  "experience_context": {
                    "payment_method_preference": "IMMEDIATE_PAYMENT_REQUIRED",
                    "brand_name": "EXAMPLE INC",
                    "locale": "en-US",
                    "shipping_preference": "NO_SHIPPING",
                    "user_action": "PAY_NOW"
                  }
                }
              }
            },
            "authentication": {
              "type": "Raw",
              "value": "Bearer @{body('Parse_Authenticate_response')?['access_token']}"
            }
          }
        },
        "Parse_Create_Order_response": {
          "runAfter": {
            "Create_Order_request": [
              "Succeeded"
            ]
          },
          "metadata": {
            "operationMetadataId": "2fd02a35-8648-4faa-a5a8-696bd721e3bb"
          },
          "type": "ParseJson",
          "inputs": {
            "content": "@body('Create_Order_request')",
            "schema": {
              "type": "object",
              "properties": {
                "id": {
                  "type": "string"
                },
                "status": {
                  "type": "string"
                },
                "payment_source": {
                  "type": "object",
                  "properties": {
                    "paypal": {
                      "type": "object",
                      "properties": {}
                    }
                  }
                },
                "links": {
                  "type": "array",
                  "items": {
                    "type": "object",
                    "properties": {
                      "href": {
                        "type": "string"
                      },
                      "rel": {
                        "type": "string"
                      },
                      "method": {
                        "type": "string"
                      }
                    },
                    "required": [
                      "href",
                      "rel",
                      "method"
                    ]
                  }
                }
              }
            }
          }
        },
        "Add_a_new_row": {
          "runAfter": {
            "Parse_Create_Order_response": [
              "Succeeded"
            ]
          },
          "metadata": {
            "operationMetadataId": "b6f332d3-1350-4894-ad9d-033d4ea70819"
          },
          "type": "OpenApiConnection",
          "inputs": {
            "host": {
              "connectionName": "shared_commondataserviceforapps",
              "operationId": "CreateRecord",
              "apiId": "/providers/Microsoft.PowerApps/apis/shared_commondataserviceforapps"
            },
            "parameters": {
              "entityName": "pp_payments",
              "item/pp_amount": "@triggerBody()['number']",
              "item/pp_paymenttime": "@utcNow()",
              "item/pp_paymentidentifier": "@body('Parse_Create_Order_response')?['id']",
              "item/pp_paymentmethod": "PayPal",
              "item/pp_paymentstatus": 0,
              "item/pp_provider": 100000001
            },
            "authentication": "@parameters('$authentication')"
          }
        }
      }
    },
    "templateName": ""
  },
  "schemaVersion": "1.0.0.0"
}