<ImportExportXml xmlns:xsi="http://www.w3.org/2001/XMLSchema-instance">
  <Entities>
    <Entity>
      <Name LocalizedName="Payment" OriginalName="Payment">pp_Payment</Name>
      <EntityInfo>
        <entity Name="pp_Payment" unmodified="1">
          <attributes />
        </entity>
      </EntityInfo>
      <FormXml>
        <forms type="main">
          <systemform>
            <formid>{13e5e384-38c6-ee11-9079-002248e1d3a1}</formid>
            <IntroducedVersion>1.0.0.1</IntroducedVersion>
            <FormPresentation>1</FormPresentation>
            <FormActivationState>1</FormActivationState>
            <form headerdensity="HighWithControls">
              <tabs>
                <tab verticallayout="true" id="{18e756e2-57b2-423d-a157-f7c85a81b96c}" IsUserDefined="1" labelid="{8b206437-d7db-43c5-8a3d-b6a6436fe4c5}">
                  <labels>
                    <label description="General" languagecode="1033" />
                  </labels>
                  <columns>
                    <column width="100%">
                      <sections>
                        <section showlabel="false" showbar="false" IsUserDefined="0" id="{9802a550-ea16-4482-b832-01d32e19d087}" labelid="{bcad765c-0b89-4d73-8d27-0a6f7f0cc78f}">
                          <labels>
                            <label description="General" languagecode="1033" />
                          </labels>
                          <rows>
                            <row>
                              <cell id="{def841d4-ca60-4cee-9d8b-d6643b7aba5f}" visible="false" labelid="{6edb20e4-7d6e-4230-bd87-74c0a6f03680}">
                                <labels>
                                  <label description="Owner" languagecode="1033" />
                                </labels>
                                <control id="ownerid" classid="{270BD3DB-D9AF-4782-9025-509E298DEC0A}" datafieldname="ownerid" />
                              </cell>
                            </row>
                            <row>
                              <cell id="{efcca2e8-968b-4918-b241-7402eafa7c87}" locklevel="0" rowspan="1" colspan="1" labelid="{995f0b87-3fad-4b80-add8-85e0c93ae0e6}">
                                <labels>
                                  <label description="Amount" languagecode="1033" />
                                </labels>
                                <control id="pp_amount" classid="{533B9E00-756B-4312-95A0-DC888637AC78}" datafieldname="pp_amount" disabled="false" />
                              </cell>
                            </row>
                            <row>
                              <cell id="{305c7802-4e0e-4ed4-bd52-5dd957d1cf1f}" locklevel="0" rowspan="1" colspan="1" visible="false" labelid="{a9b308b9-315e-4f66-9da1-2ce3e0a8aa78}">
                                <labels>
                                  <label description="Currency" languagecode="1033" />
                                </labels>
                                <control id="transactioncurrencyid" classid="{270BD3DB-D9AF-4782-9025-509E298DEC0A}" datafieldname="transactioncurrencyid" disabled="false" />
                              </cell>
                            </row>
                            <row>
                              <cell id="{ac2b2504-e083-48f8-b97c-5a7cf2a38eb7}" locklevel="0" rowspan="1" colspan="1" visible="false" labelid="{6a70c13c-c42b-4497-89f2-d5f1e13b4fb5}">
                                <labels>
                                  <label description="Payment date time" languagecode="1033" />
                                </labels>
                                <control id="pp_paymenttime" classid="{5B773807-9FB2-42DB-97C3-7A91EFF8ADFF}" datafieldname="pp_paymenttime" disabled="false" />
                              </cell>
                            </row>
                            <row>
                              <cell id="{ff31dc84-ae85-4638-8818-ccb271922710}" locklevel="0" rowspan="1" colspan="1" visible="false" labelid="{c24e2f42-2041-46c8-985e-9662028eef9d}">
                                <labels>
                                  <label description="Payment details" languagecode="1033" />
                                </labels>
                                <control id="pp_paymentdetails" classid="{71716B6C-711E-476C-8AB8-5D11542BFB47}" datafieldname="pp_paymentdetails" disabled="false" />
                              </cell>
                            </row>
                            <row>
                              <cell id="{e300d37f-9c87-47a9-9ea0-39e1646bdad5}" locklevel="0" rowspan="1" colspan="1" visible="false" labelid="{4e7a39e5-9cbc-4432-a45c-40f74ab6f089}">
                                <labels>
                                  <label description="Payment identifier" languagecode="1033" />
                                </labels>
                                <control id="pp_paymentidentifier" classid="{4273EDBD-AC1D-40D3-9FB2-095C621B552D}" datafieldname="pp_paymentidentifier" disabled="false" />
                              </cell>
                            </row>
                            <row>
                              <cell id="{310160b0-babb-4a55-bf5e-e4253fbd0520}" locklevel="0" rowspan="1" colspan="1" visible="false" labelid="{22cbca70-b5fd-46b1-8235-5c693bc2e56f}">
                                <labels>
                                  <label description="Payment method" languagecode="1033" />
                                </labels>
                                <control id="pp_paymentmethod" classid="{4273EDBD-AC1D-40D3-9FB2-095C621B552D}" datafieldname="pp_paymentmethod" disabled="false" />
                              </cell>
                            </row>
                            <row>
                              <cell id="{444890d1-41ea-493d-a66b-b59e65e4b6e8}" locklevel="0" rowspan="1" colspan="1" visible="false" labelid="{9d81752a-839e-4f6f-8df3-b9e4379aedfe}">
                                <labels>
                                  <label description="Payment status" languagecode="1033" />
                                </labels>
                                <control id="pp_paymentstatus" classid="{3EF39988-22BB-4F0B-BBBE-64B5A3748AEE}" datafieldname="pp_paymentstatus" disabled="false" />
                              </cell>
                            </row>
                            <row>
                              <cell id="{4f7ba50d-1cae-4105-b1a2-8dd8c9e9c206}" locklevel="0" rowspan="1" colspan="1" visible="false" labelid="{b16c42e8-b847-4f0c-b4ba-1054fafff147}">
                                <labels>
                                  <label description="Payment status reason" languagecode="1033" />
                                </labels>
                                <control id="pp_paymentstatusreason" classid="{E0DECE4B-6FC8-4A8F-A065-082708572369}" datafieldname="pp_paymentstatusreason" disabled="false" />
                              </cell>
                            </row>
                            <row>
                              <cell id="{981baa42-d2e3-4d67-b708-da9561a43477}" locklevel="0" rowspan="1" colspan="1" visible="false" labelid="{975e54f1-cc4d-486b-929a-2efe4e046f9b}">
                                <labels>
                                  <label description="Provider" languagecode="1033" />
                                </labels>
                                <control id="pp_provider" classid="{3EF39988-22BB-4F0B-BBBE-64B5A3748AEE}" datafieldname="pp_provider" disabled="false" />
                              </cell>
                            </row>
                            <row>
                              <cell id="{06868df8-18ef-45e9-a86a-c354156c90ba}" locklevel="0" rowspan="1" colspan="1" visible="false" labelid="{08338d5a-2660-4762-b100-875d18af3023}">
                                <labels>
                                  <label description="Regarding" languagecode="1033" />
                                </labels>
                                <control id="pp_regarding" classid="{270BD3DB-D9AF-4782-9025-509E298DEC0A}" datafieldname="pp_regarding" disabled="false" />
                              </cell>
                            </row>
                            <row>
                              <cell id="{aa2025b6-3395-41f4-b935-baf884c97712}" locklevel="0" rowspan="1" colspan="1" visible="false" labelid="{708e493a-0548-4b4b-a180-e00bb0bf3f77}">
                                <labels>
                                  <label description="Site" languagecode="1033" />
                                </labels>
                                <control id="pp_site" classid="{4273EDBD-AC1D-40D3-9FB2-095C621B552D}" datafieldname="pp_site" disabled="false" />
                              </cell>
                            </row>
                            <row>
                              <cell id="{3bdda8e4-4714-4cb4-bc7c-8e594cca0cbb}" locklevel="0" rowspan="1" colspan="1" visible="false" labelid="{340350b9-f9a1-4cae-8ca9-ab89952475c7}">
                                <labels>
                                  <label description="Status" languagecode="1033" />
                                </labels>
                                <control id="statecode" classid="{3EF39988-22BB-4F0B-BBBE-64B5A3748AEE}" datafieldname="statecode" disabled="false" />
                              </cell>
                            </row>
                            <row>
                              <cell id="{6870aec6-cd22-48a2-a71d-7d77342a05a3}" locklevel="0" rowspan="1" colspan="1" visible="false" labelid="{7f91e555-8df6-424e-8f7a-814997c5928d}">
                                <labels>
                                  <label description="Status Reason" languagecode="1033" />
                                </labels>
                                <control id="statuscode" classid="{3EF39988-22BB-4F0B-BBBE-64B5A3748AEE}" datafieldname="statuscode" disabled="false" />
                              </cell>
                            </row>
                            <row>
                              <cell id="{d6e699dd-90cf-4f60-82b7-2e36ec5bc93c}" locklevel="0" rowspan="1" colspan="1" visible="false" labelid="{1bd91263-5508-4d52-a608-2e89419ac809}">
                                <labels>
                                  <label description="User" languagecode="1033" />
                                </labels>
                                <control id="pp_user" classid="{270BD3DB-D9AF-4782-9025-509E298DEC0A}" datafieldname="pp_user" disabled="false" />
                              </cell>
                            </row>
                            <row>
                              <cell id="{2e8a8290-92ac-4eb8-806e-163e18f9a69f}" locklevel="0" rowspan="1" colspan="1" visible="false" labelid="{f90c973c-bb0d-4977-8b1e-8b4476a3af54}">
                                <labels>
                                  <label description="Modified By" languagecode="1033" />
                                </labels>
                                <control id="modifiedby" classid="{270BD3DB-D9AF-4782-9025-509E298DEC0A}" datafieldname="modifiedby" disabled="false" />
                              </cell>
                            </row>
                            <row>
                              <cell id="{eb378552-ed64-49b6-ba50-fea38c791bac}" locklevel="0" rowspan="1" colspan="1" visible="false" labelid="{8c1d2cd1-75a0-48f4-96b3-ce2fcd38cbf5}">
                                <labels>
                                  <label description="Created By" languagecode="1033" />
                                </labels>
                                <control id="createdby" classid="{270BD3DB-D9AF-4782-9025-509E298DEC0A}" datafieldname="createdby" disabled="false" />
                              </cell>
                            </row>
                            <row>
                              <cell id="{fe2c39b4-5ff9-4ef9-a45b-02997603721e}" locklevel="0" rowspan="1" colspan="1" visible="false" labelid="{64ac515a-65f6-4eee-a0bb-39d9bd9b7023}">
                                <labels>
                                  <label description="Created On" languagecode="1033" />
                                </labels>
                                <control id="createdon" classid="{5B773807-9FB2-42DB-97C3-7A91EFF8ADFF}" datafieldname="createdon" disabled="false" />
                              </cell>
                            </row>
                          </rows>
                        </section>
                      </sections>
                    </column>
                  </columns>
                </tab>
              </tabs>
              <header id="{e378c137-0c09-4b40-9e3d-355a4be3590d}" celllabelposition="Top" columns="111" labelwidth="115" celllabelalignment="Left">
                <rows>
                  <row>
                    <cell id="{de4a5737-7afd-49b6-8d37-d0c2d2b78668}" showlabel="false" labelid="{3f16f743-b8ac-4a42-be56-4ba06cf07730}">
                      <labels>
                        <label description="" languagecode="1033" />
                      </labels>
                    </cell>
                    <cell id="{eb2f1909-eca9-4a4e-8017-8775f47aee43}" showlabel="false" labelid="{a1770c94-7c5d-4a2a-b753-6fe9284159a5}">
                      <labels>
                        <label description="" languagecode="1033" />
                      </labels>
                    </cell>
                    <cell id="{16d262d2-cdc5-4f1f-ad6a-8f375f7985b4}" showlabel="false" labelid="{9335a30e-4ed1-48bd-9b30-ef99b79d6bcc}">
                      <labels>
                        <label description="" languagecode="1033" />
                      </labels>
                    </cell>
                  </row>
                </rows>
              </header>
              <footer id="{2ead840b-5f60-4ccc-b648-b4f6b2de9b8b}" celllabelposition="Top" columns="111" labelwidth="115" celllabelalignment="Left">
                <rows>
                  <row>
                    <cell id="{e58a9e67-24e9-462c-af8e-2739ce7c1584}" showlabel="false" labelid="{603cc973-a5b4-4517-8137-9f46609a5969}">
                      <labels>
                        <label description="" languagecode="1033" />
                      </labels>
                    </cell>
                    <cell id="{a6a7be2f-e281-4865-9454-7cc9b6327e49}" showlabel="false" labelid="{5fa09c0c-ef2a-4ada-8478-680712eeddc4}">
                      <labels>
                        <label description="" languagecode="1033" />
                      </labels>
                    </cell>
                    <cell id="{20ceee0f-12b1-4a6e-ba45-47f2482a32c6}" showlabel="false" labelid="{30030bc4-7e87-456a-a816-42009a59502d}">
                      <labels>
                        <label description="" languagecode="1033" />
                      </labels>
                    </cell>
                  </row>
                </rows>
              </footer>
              <DisplayConditions Order="1" FallbackForm="true">
                <Role Id="{627090ff-40a3-4053-8790-584edc5be201}" />
                <Role Id="{119f245c-3cc8-4b62-b31c-d1a046ced15d}" />
              </DisplayConditions>
            </form>
            <IsCustomizable>1</IsCustomizable>
            <CanBeDeleted>1</CanBeDeleted>
            <LocalizedNames>
              <LocalizedName description="Payment main form" languagecode="1033" />
            </LocalizedNames>
            <Descriptions>
              <Description description="A form for this entity." languagecode="1033" />
            </Descriptions>
          </systemform>
          <systemform>
            <formid>{e53cf526-a455-41ee-bafe-9f76c0901290}</formid>
            <IntroducedVersion>1.0.0.1</IntroducedVersion>
            <FormPresentation>1</FormPresentation>
            <FormActivationState>1</FormActivationState>
            <form headerdensity="HighWithControls">
              <tabs>
                <tab verticallayout="true" id="{18e756e2-57b2-423d-a157-f7c85a81b96c}" IsUserDefined="1" ordinalvalue="0">
                  <columns>
                    <column width="100%" id="0">
                      <sections>
                        <section showlabel="false" showbar="false" IsUserDefined="0" id="{9802a550-ea16-4482-b832-01d32e19d087}" ordinalvalue="0">
                          <rows>
                            <row>
                              <cell id="{efcca2e8-968b-4918-b241-7402eafa7c87}" locklevel="0" rowspan="1" colspan="1" ordinalvalue="10001">
                                <labels>
                                  <label description="Amount" languagecode="1033" solutionaction="Modified" />
                                </labels>
                              </cell>
                            </row>
                            <row>
                              <cell id="{305c7802-4e0e-4ed4-bd52-5dd957d1cf1f}" locklevel="0" rowspan="1" colspan="1" ordinalvalue="10002">
                                <labels>
                                  <label description="Currency" languagecode="1033" solutionaction="Modified" />
                                </labels>
                              </cell>
                            </row>
                            <row>
                              <cell id="{ac2b2504-e083-48f8-b97c-5a7cf2a38eb7}" locklevel="0" rowspan="1" colspan="1" ordinalvalue="10003">
                                <labels>
                                  <label description="Payment date time" languagecode="1033" solutionaction="Modified" />
                                </labels>
                              </cell>
                            </row>
                            <row>
                              <cell id="{ff31dc84-ae85-4638-8818-ccb271922710}" locklevel="0" rowspan="1" colspan="1" ordinalvalue="10004">
                                <labels>
                                  <label description="Payment details" languagecode="1033" solutionaction="Modified" />
                                </labels>
                              </cell>
                            </row>
                            <row>
                              <cell id="{e300d37f-9c87-47a9-9ea0-39e1646bdad5}" locklevel="0" rowspan="1" colspan="1" ordinalvalue="10005">
                                <labels>
                                  <label description="Payment identifier" languagecode="1033" solutionaction="Modified" />
                                </labels>
                              </cell>
                            </row>
                            <row>
                              <cell id="{310160b0-babb-4a55-bf5e-e4253fbd0520}" locklevel="0" rowspan="1" colspan="1" ordinalvalue="10006">
                                <labels>
                                  <label description="Payment method" languagecode="1033" solutionaction="Modified" />
                                </labels>
                              </cell>
                            </row>
                            <row>
                              <cell id="{444890d1-41ea-493d-a66b-b59e65e4b6e8}" locklevel="0" rowspan="1" colspan="1" ordinalvalue="10007">
                                <labels>
                                  <label description="Payment status" languagecode="1033" solutionaction="Modified" />
                                </labels>
                              </cell>
                            </row>
                            <row>
                              <cell id="{4f7ba50d-1cae-4105-b1a2-8dd8c9e9c206}" locklevel="0" rowspan="1" colspan="1" ordinalvalue="10008">
                                <labels>
                                  <label description="Payment status reason" languagecode="1033" solutionaction="Modified" />
                                </labels>
                              </cell>
                            </row>
                            <row>
                              <cell id="{981baa42-d2e3-4d67-b708-da9561a43477}" locklevel="0" rowspan="1" colspan="1" ordinalvalue="10009">
                                <labels>
                                  <label description="Provider" languagecode="1033" solutionaction="Modified" />
                                </labels>
                              </cell>
                            </row>
                            <row>
                              <cell id="{06868df8-18ef-45e9-a86a-c354156c90ba}" locklevel="0" rowspan="1" colspan="1" ordinalvalue="10010">
                                <labels>
                                  <label description="Regarding" languagecode="1033" solutionaction="Modified" />
                                </labels>
                              </cell>
                            </row>
                            <row>
                              <cell id="{aa2025b6-3395-41f4-b935-baf884c97712}" locklevel="0" rowspan="1" colspan="1" ordinalvalue="10011">
                                <labels>
                                  <label description="Site" languagecode="1033" solutionaction="Modified" />
                                </labels>
                              </cell>
                            </row>
                            <row>
                              <cell id="{3bdda8e4-4714-4cb4-bc7c-8e594cca0cbb}" locklevel="0" rowspan="1" colspan="1" ordinalvalue="10012">
                                <labels>
                                  <label description="Status" languagecode="1033" solutionaction="Modified" />
                                </labels>
                              </cell>
                            </row>
                            <row>
                              <cell id="{6870aec6-cd22-48a2-a71d-7d77342a05a3}" locklevel="0" rowspan="1" colspan="1" ordinalvalue="10013">
                                <labels>
                                  <label description="Status Reason" languagecode="1033" solutionaction="Modified" />
                                </labels>
                              </cell>
                            </row>
                            <row>
                              <cell id="{d6e699dd-90cf-4f60-82b7-2e36ec5bc93c}" locklevel="0" rowspan="1" colspan="1" ordinalvalue="10014">
                                <labels>
                                  <label description="User" languagecode="1033" solutionaction="Modified" />
                                </labels>
                              </cell>
                            </row>
                            <row>
                              <cell id="{2e8a8290-92ac-4eb8-806e-163e18f9a69f}" locklevel="0" rowspan="1" colspan="1" ordinalvalue="10015">
                                <labels>
                                  <label description="Modified By" languagecode="1033" solutionaction="Modified" />
                                </labels>
                              </cell>
                            </row>
                            <row>
                              <cell id="{eb378552-ed64-49b6-ba50-fea38c791bac}" locklevel="0" rowspan="1" colspan="1" ordinalvalue="10016">
                                <labels>
                                  <label description="Created By" languagecode="1033" solutionaction="Modified" />
                                </labels>
                              </cell>
                            </row>
                            <row>
                              <cell id="{fe2c39b4-5ff9-4ef9-a45b-02997603721e}" locklevel="0" rowspan="1" colspan="1" ordinalvalue="10017">
                                <labels>
                                  <label description="Created On" languagecode="1033" solutionaction="Modified" />
                                </labels>
                              </cell>
                            </row>
                          </rows>
                        </section>
                      </sections>
                    </column>
                  </columns>
                </tab>
              </tabs>
            </form>
            <LocalizedNames>
              <LocalizedName description="Information" languagecode="1033" />
            </LocalizedNames>
            <Descriptions>
              <Description description="A form for this entity." languagecode="1033" />
            </Descriptions>
          </systemform>
        </forms>
      </FormXml>
      <RibbonDiffXml>
        <CustomActions />
        <Templates>
          <RibbonTemplates Id="Mscrm.Templates"></RibbonTemplates>
        </Templates>
        <CommandDefinitions />
        <RuleDefinitions>
          <TabDisplayRules />
          <DisplayRules />
          <EnableRules />
        </RuleDefinitions>
        <LocLabels />
      </RibbonDiffXml>
    </Entity>
  </Entities>
  <Roles></Roles>
  <Workflows>
    <Workflow WorkflowId="{941d0cd2-f5c3-ee11-9079-00224896474a}" Name="CreateOrder">
      <JsonFileName>/Workflows/CreateOrder-941D0CD2-F5C3-EE11-9079-00224896474A.json</JsonFileName>
      <Type>1</Type>
      <Subprocess>0</Subprocess>
      <Category>5</Category>
      <Mode>0</Mode>
      <Scope>4</Scope>
      <OnDemand>0</OnDemand>
      <TriggerOnCreate>0</TriggerOnCreate>
      <TriggerOnDelete>0</TriggerOnDelete>
      <AsyncAutodelete>0</AsyncAutodelete>
      <SyncWorkflowLogOnFailure>0</SyncWorkflowLogOnFailure>
      <StateCode>1</StateCode>
      <StatusCode>2</StatusCode>
      <RunAs>1</RunAs>
      <IsTransacted>1</IsTransacted>
      <IntroducedVersion>1.0.0.0</IntroducedVersion>
      <IsCustomizable>1</IsCustomizable>
      <IsCustomProcessingStepAllowedForOtherPublishers>1</IsCustomProcessingStepAllowedForOtherPublishers>
      <PrimaryEntity>none</PrimaryEntity>
      <LocalizedNames>
        <LocalizedName languagecode="1033" description="CreateOrder" />
      </LocalizedNames>
    </Workflow>
    <Workflow WorkflowId="{db6b1d6c-a1c7-ee11-9079-002248e1d3a1}" Name="CaptureOrder">
      <JsonFileName>/Workflows/CaptureOrder-DB6B1D6C-A1C7-EE11-9079-002248E1D3A1.json</JsonFileName>
      <Type>1</Type>
      <Subprocess>0</Subprocess>
      <Category>5</Category>
      <Mode>0</Mode>
      <Scope>4</Scope>
      <OnDemand>0</OnDemand>
      <TriggerOnCreate>0</TriggerOnCreate>
      <TriggerOnDelete>0</TriggerOnDelete>
      <AsyncAutodelete>0</AsyncAutodelete>
      <SyncWorkflowLogOnFailure>0</SyncWorkflowLogOnFailure>
      <StateCode>1</StateCode>
      <StatusCode>2</StatusCode>
      <RunAs>1</RunAs>
      <IsTransacted>1</IsTransacted>
      <IntroducedVersion>1.0.0.1</IntroducedVersion>
      <IsCustomizable>1</IsCustomizable>
      <BusinessProcessType>0</BusinessProcessType>
      <IsCustomProcessingStepAllowedForOtherPublishers>1</IsCustomProcessingStepAllowedForOtherPublishers>
      <PrimaryEntity>none</PrimaryEntity>
      <LocalizedNames>
        <LocalizedName languagecode="1033" description="CaptureOrder" />
      </LocalizedNames>
    </Workflow>
  </Workflows>
  <FieldSecurityProfiles></FieldSecurityProfiles>
  <Templates />
  <EntityMaps />
  <EntityRelationships />
  <OrganizationSettings />
  <optionsets>
    <optionset Name="pp_provider" localizedName="Provider">
      <OptionSetType>picklist</OptionSetType>
      <IsGlobal>1</IsGlobal>
      <IntroducedVersion>1.0.0.1</IntroducedVersion>
      <ExternalTypeName></ExternalTypeName>
      <displaynames>
        <displayname description="Provider" languagecode="1033" />
      </displaynames>
      <options>
        <option value="0" ExternalValue="">
          <labels>
            <label description="Stripe" languagecode="1033" />
          </labels>
          <Descriptions>
            <Description description="" languagecode="1033" />
          </Descriptions>
        </option>
        <option value="100000001">
          <labels>
            <label description="PayPal" languagecode="1033" />
          </labels>
          <Descriptions>
            <Description description="" languagecode="1033" />
          </Descriptions>
        </option>
      </options>
    </optionset>
  </optionsets>
  <CustomControls />
  <EntityDataProviders />
  <connectionreferences>
    <connectionreference connectionreferencelogicalname="tec_sharedcommondataserviceforapps_09836">
      <connectionreferencedisplayname>Microsoft Dataverse PowerPagesPayPal-09836</connectionreferencedisplayname>
      <connectorid>/providers/Microsoft.PowerApps/apis/shared_commondataserviceforapps</connectorid>
      <iscustomizable>1</iscustomizable>
      <statecode>0</statecode>
      <statuscode>1</statuscode>
    </connectionreference>
  </connectionreferences>
  <Languages>
    <Language>1033</Language>
  </Languages>
</ImportExportXml>