<ImportExportXml version="9.2.24022.184" SolutionPackageVersion="9.2" languagecode="1033" generatedBy="CrmLive" xmlns:xsi="http://www.w3.org/2001/XMLSchema-instance">
  <SolutionManifest>
    <UniqueName>PowerPagesPayPal</UniqueName>
    <LocalizedNames>
      <LocalizedName description="Power Pages PayPal - no site" languagecode="1033" />
    </LocalizedNames>
    <Descriptions />
    <Version>1.0.0.2</Version>
    <Managed>0</Managed>
    <Publisher>
      <UniqueName>Technomancy</UniqueName>
      <LocalizedNames>
        <LocalizedName description="Technomancy" languagecode="1033" />
      </LocalizedNames>
      <Descriptions />
      <EMailAddress xsi:nil="true"></EMailAddress>
      <SupportingWebsiteUrl xsi:nil="true"></SupportingWebsiteUrl>
      <CustomizationPrefix>tec</CustomizationPrefix>
      <CustomizationOptionValuePrefix>10000</CustomizationOptionValuePrefix>
      <Addresses>
        <Address>
          <AddressNumber>1</AddressNumber>
          <AddressTypeCode>1</AddressTypeCode>
          <City xsi:nil="true"></City>
          <County xsi:nil="true"></County>
          <Country xsi:nil="true"></Country>
          <Fax xsi:nil="true"></Fax>
          <FreightTermsCode xsi:nil="true"></FreightTermsCode>
          <ImportSequenceNumber xsi:nil="true"></ImportSequenceNumber>
          <Latitude xsi:nil="true"></Latitude>
          <Line1 xsi:nil="true"></Line1>
          <Line2 xsi:nil="true"></Line2>
          <Line3 xsi:nil="true"></Line3>
          <Longitude xsi:nil="true"></Longitude>
          <Name xsi:nil="true"></Name>
          <PostalCode xsi:nil="true"></PostalCode>
          <PostOfficeBox xsi:nil="true"></PostOfficeBox>
          <PrimaryContactName xsi:nil="true"></PrimaryContactName>
          <ShippingMethodCode>1</ShippingMethodCode>
          <StateOrProvince xsi:nil="true"></StateOrProvince>
          <Telephone1 xsi:nil="true"></Telephone1>
          <Telephone2 xsi:nil="true"></Telephone2>
          <Telephone3 xsi:nil="true"></Telephone3>
          <TimeZoneRuleVersionNumber xsi:nil="true"></TimeZoneRuleVersionNumber>
          <UPSZone xsi:nil="true"></UPSZone>
          <UTCOffset xsi:nil="true"></UTCOffset>
          <UTCConversionTimeZoneCode xsi:nil="true"></UTCConversionTimeZoneCode>
        </Address>
        <Address>
          <AddressNumber>2</AddressNumber>
          <AddressTypeCode>1</AddressTypeCode>
          <City xsi:nil="true"></City>
          <County xsi:nil="true"></County>
          <Country xsi:nil="true"></Country>
          <Fax xsi:nil="true"></Fax>
          <FreightTermsCode xsi:nil="true"></FreightTermsCode>
          <ImportSequenceNumber xsi:nil="true"></ImportSequenceNumber>
          <Latitude xsi:nil="true"></Latitude>
          <Line1 xsi:nil="true"></Line1>
          <Line2 xsi:nil="true"></Line2>
          <Line3 xsi:nil="true"></Line3>
          <Longitude xsi:nil="true"></Longitude>
          <Name xsi:nil="true"></Name>
          <PostalCode xsi:nil="true"></PostalCode>
          <PostOfficeBox xsi:nil="true"></PostOfficeBox>
          <PrimaryContactName xsi:nil="true"></PrimaryContactName>
          <ShippingMethodCode>1</ShippingMethodCode>
          <StateOrProvince xsi:nil="true"></StateOrProvince>
          <Telephone1 xsi:nil="true"></Telephone1>
          <Telephone2 xsi:nil="true"></Telephone2>
          <Telephone3 xsi:nil="true"></Telephone3>
          <TimeZoneRuleVersionNumber xsi:nil="true"></TimeZoneRuleVersionNumber>
          <UPSZone xsi:nil="true"></UPSZone>
          <UTCOffset xsi:nil="true"></UTCOffset>
          <UTCConversionTimeZoneCode xsi:nil="true"></UTCConversionTimeZoneCode>
        </Address>
      </Addresses>
    </Publisher>
    <RootComponents>
      <RootComponent type="1" schemaName="pp_payment" behavior="1" />
      <RootComponent type="9" schemaName="pp_provider" behavior="0" />
      <RootComponent type="29" id="{941d0cd2-f5c3-ee11-9079-00224896474a}" behavior="0" />
      <RootComponent type="29" id="{db6b1d6c-a1c7-ee11-9079-002248e1d3a1}" behavior="0" />
    </RootComponents>
    <MissingDependencies>
      <MissingDependency>
        <Required type="1" schemaName="pp_payment" displayName="Payment" solution="PowerPages_Payments_V2 (1.0.2.0)">
          <package>PowerPages_Stripe_V2 (1.0.2.0)</package>
        </Required>
        <Dependent type="1" schemaName="pp_payment" displayName="Payment" />
      </MissingDependency>
      <MissingDependency>
        <Required type="1" schemaName="pp_payment" displayName="Payment" solution="PowerPages_Payments_V2 (1.0.2.0)">
          <package>PowerPages_Stripe_V2 (1.0.2.0)</package>
        </Required>
        <Dependent type="29" displayName="CreateOrder" id="{941d0cd2-f5c3-ee11-9079-00224896474a}" />
      </MissingDependency>
      <MissingDependency>
        <Required type="1" schemaName="pp_payment" displayName="Payment" solution="PowerPages_Payments_V2 (1.0.2.0)">
          <package>PowerPages_Stripe_V2 (1.0.2.0)</package>
        </Required>
        <Dependent type="29" displayName="CaptureOrder" id="{db6b1d6c-a1c7-ee11-9079-002248e1d3a1}" />
      </MissingDependency>
      <MissingDependency>
        <Required type="1" schemaName="pp_payment" displayName="Payment" solution="PowerPages_Payments_V2 (1.0.2.0)">
          <package>PowerPages_Stripe_V2 (1.0.2.0)</package>
        </Required>
        <Dependent type="60" displayName="Payment main form" parentDisplayName="Payment" id="{13e5e384-38c6-ee11-9079-002248e1d3a1}" />
      </MissingDependency>
      <MissingDependency>
        <Required type="10" schemaName="pp_payment_user_contact" displayName="pp_payment_user_contact" parentSchemaName="contact" parentDisplayName="Contact" solution="PowerPages_Payments_V2 (1.0.2.0)">
          <package>PowerPages_Stripe_V2 (1.0.2.0)</package>
        </Required>
        <Dependent type="60" displayName="Payment main form" parentDisplayName="Payment" id="{13e5e384-38c6-ee11-9079-002248e1d3a1}" />
      </MissingDependency>
      <MissingDependency>
        <Required type="10" schemaName="pp_payment_user_contact" displayName="pp_payment_user_contact" parentSchemaName="contact" parentDisplayName="Contact" solution="PowerPages_Payments_V2 (1.0.2.0)">
          <package>PowerPages_Stripe_V2 (1.0.2.0)</package>
        </Required>
        <Dependent type="60" displayName="Information" parentDisplayName="Payment" id="{e53cf526-a455-41ee-bafe-9f76c0901290}" />
      </MissingDependency>
      <MissingDependency>
        <Required type="2" schemaName="createdby" displayName="Created By" parentSchemaName="pp_payment" parentDisplayName="Payment" solution="Active" />
        <Dependent type="60" displayName="Payment main form" parentDisplayName="Payment" id="{13e5e384-38c6-ee11-9079-002248e1d3a1}" />
      </MissingDependency>
      <MissingDependency>
        <Required type="2" schemaName="createdby" displayName="Created By" parentSchemaName="pp_payment" parentDisplayName="Payment" solution="Active" />
        <Dependent type="60" displayName="Information" parentDisplayName="Payment" id="{e53cf526-a455-41ee-bafe-9f76c0901290}" />
      </MissingDependency>
      <MissingDependency>
        <Required type="2" schemaName="createdon" displayName="Created On" parentSchemaName="pp_payment" parentDisplayName="Payment" solution="PowerPages_Payments_V2 (1.0.2.0)">
          <package>PowerPages_Stripe_V2 (1.0.2.0)</package>
        </Required>
        <Dependent type="60" displayName="Payment main form" parentDisplayName="Payment" id="{13e5e384-38c6-ee11-9079-002248e1d3a1}" />
      </MissingDependency>
      <MissingDependency>
        <Required type="2" schemaName="createdon" displayName="Created On" parentSchemaName="pp_payment" parentDisplayName="Payment" solution="PowerPages_Payments_V2 (1.0.2.0)">
          <package>PowerPages_Stripe_V2 (1.0.2.0)</package>
        </Required>
        <Dependent type="60" displayName="Information" parentDisplayName="Payment" id="{e53cf526-a455-41ee-bafe-9f76c0901290}" />
      </MissingDependency>
      <MissingDependency>
        <Required type="2" schemaName="modifiedby" displayName="Modified By" parentSchemaName="pp_payment" parentDisplayName="Payment" solution="Active" />
        <Dependent type="60" displayName="Payment main form" parentDisplayName="Payment" id="{13e5e384-38c6-ee11-9079-002248e1d3a1}" />
      </MissingDependency>
      <MissingDependency>
        <Required type="2" schemaName="modifiedby" displayName="Modified By" parentSchemaName="pp_payment" parentDisplayName="Payment" solution="Active" />
        <Dependent type="60" displayName="Information" parentDisplayName="Payment" id="{e53cf526-a455-41ee-bafe-9f76c0901290}" />
      </MissingDependency>
      <MissingDependency>
        <Required type="2" schemaName="ownerid" displayName="Owner" parentSchemaName="pp_payment" parentDisplayName="Payment" solution="Active" />
        <Dependent type="60" displayName="Payment main form" parentDisplayName="Payment" id="{13e5e384-38c6-ee11-9079-002248e1d3a1}" />
      </MissingDependency>
      <MissingDependency>
        <Required type="2" schemaName="ownerid" displayName="Owner" parentSchemaName="pp_payment" parentDisplayName="Payment" solution="Active" />
        <Dependent type="60" displayName="Information" parentDisplayName="Payment" id="{e53cf526-a455-41ee-bafe-9f76c0901290}" />
      </MissingDependency>
      <MissingDependency>
        <Required type="2" schemaName="pp_amount" displayName="Amount" parentSchemaName="pp_payment" parentDisplayName="Payment" solution="PowerPages_Payments_V2 (1.0.2.0)">
          <package>PowerPages_Stripe_V2 (1.0.2.0)</package>
        </Required>
        <Dependent type="60" displayName="Payment main form" parentDisplayName="Payment" id="{13e5e384-38c6-ee11-9079-002248e1d3a1}" />
      </MissingDependency>
      <MissingDependency>
        <Required type="2" schemaName="pp_amount" displayName="Amount" parentSchemaName="pp_payment" parentDisplayName="Payment" solution="PowerPages_Payments_V2 (1.0.2.0)">
          <package>PowerPages_Stripe_V2 (1.0.2.0)</package>
        </Required>
        <Dependent type="60" displayName="Information" parentDisplayName="Payment" id="{e53cf526-a455-41ee-bafe-9f76c0901290}" />
      </MissingDependency>
      <MissingDependency>
        <Required type="2" schemaName="pp_paymentdetails" displayName="Payment details" parentSchemaName="pp_payment" parentDisplayName="Payment" solution="PowerPages_Payments_V2 (1.0.2.0)">
          <package>PowerPages_Stripe_V2 (1.0.2.0)</package>
        </Required>
        <Dependent type="60" displayName="Payment main form" parentDisplayName="Payment" id="{13e5e384-38c6-ee11-9079-002248e1d3a1}" />
      </MissingDependency>
      <MissingDependency>
        <Required type="2" schemaName="pp_paymentdetails" displayName="Payment details" parentSchemaName="pp_payment" parentDisplayName="Payment" solution="PowerPages_Payments_V2 (1.0.2.0)">
          <package>PowerPages_Stripe_V2 (1.0.2.0)</package>
        </Required>
        <Dependent type="60" displayName="Information" parentDisplayName="Payment" id="{e53cf526-a455-41ee-bafe-9f76c0901290}" />
      </MissingDependency>
      <MissingDependency>
        <Required type="2" schemaName="pp_paymentidentifier" displayName="Payment identifier" parentSchemaName="pp_payment" parentDisplayName="Payment" solution="PowerPages_Payments_V2 (1.0.2.0)">
          <package>PowerPages_Stripe_V2 (1.0.2.0)</package>
        </Required>
        <Dependent type="60" displayName="Payment main form" parentDisplayName="Payment" id="{13e5e384-38c6-ee11-9079-002248e1d3a1}" />
      </MissingDependency>
      <MissingDependency>
        <Required type="2" schemaName="pp_paymentidentifier" displayName="Payment identifier" parentSchemaName="pp_payment" parentDisplayName="Payment" solution="PowerPages_Payments_V2 (1.0.2.0)">
          <package>PowerPages_Stripe_V2 (1.0.2.0)</package>
        </Required>
        <Dependent type="60" displayName="Information" parentDisplayName="Payment" id="{e53cf526-a455-41ee-bafe-9f76c0901290}" />
      </MissingDependency>
      <MissingDependency>
        <Required type="2" schemaName="pp_paymentmethod" displayName="Payment method" parentSchemaName="pp_payment" parentDisplayName="Payment" solution="PowerPages_Payments_V2 (1.0.2.0)">
          <package>PowerPages_Stripe_V2 (1.0.2.0)</package>
        </Required>
        <Dependent type="60" displayName="Payment main form" parentDisplayName="Payment" id="{13e5e384-38c6-ee11-9079-002248e1d3a1}" />
      </MissingDependency>
      <MissingDependency>
        <Required type="2" schemaName="pp_paymentmethod" displayName="Payment method" parentSchemaName="pp_payment" parentDisplayName="Payment" solution="PowerPages_Payments_V2 (1.0.2.0)">
          <package>PowerPages_Stripe_V2 (1.0.2.0)</package>
        </Required>
        <Dependent type="60" displayName="Information" parentDisplayName="Payment" id="{e53cf526-a455-41ee-bafe-9f76c0901290}" />
      </MissingDependency>
      <MissingDependency>
        <Required type="2" schemaName="pp_paymentstatus" displayName="Payment status" parentSchemaName="pp_payment" parentDisplayName="Payment" solution="PowerPages_Payments_V2 (1.0.2.0)">
          <package>PowerPages_Stripe_V2 (1.0.2.0)</package>
        </Required>
        <Dependent type="60" displayName="Payment main form" parentDisplayName="Payment" id="{13e5e384-38c6-ee11-9079-002248e1d3a1}" />
      </MissingDependency>
      <MissingDependency>
        <Required type="2" schemaName="pp_paymentstatus" displayName="Payment status" parentSchemaName="pp_payment" parentDisplayName="Payment" solution="PowerPages_Payments_V2 (1.0.2.0)">
          <package>PowerPages_Stripe_V2 (1.0.2.0)</package>
        </Required>
        <Dependent type="60" displayName="Information" parentDisplayName="Payment" id="{e53cf526-a455-41ee-bafe-9f76c0901290}" />
      </MissingDependency>
      <MissingDependency>
        <Required type="2" schemaName="pp_paymentstatusreason" displayName="Payment status reason" parentSchemaName="pp_payment" parentDisplayName="Payment" solution="PowerPages_Payments_V2 (1.0.2.0)">
          <package>PowerPages_Stripe_V2 (1.0.2.0)</package>
        </Required>
        <Dependent type="60" displayName="Payment main form" parentDisplayName="Payment" id="{13e5e384-38c6-ee11-9079-002248e1d3a1}" />
      </MissingDependency>
      <MissingDependency>
        <Required type="2" schemaName="pp_paymentstatusreason" displayName="Payment status reason" parentSchemaName="pp_payment" parentDisplayName="Payment" solution="PowerPages_Payments_V2 (1.0.2.0)">
          <package>PowerPages_Stripe_V2 (1.0.2.0)</package>
        </Required>
        <Dependent type="60" displayName="Information" parentDisplayName="Payment" id="{e53cf526-a455-41ee-bafe-9f76c0901290}" />
      </MissingDependency>
      <MissingDependency>
        <Required type="2" schemaName="pp_paymenttime" displayName="Payment date time" parentSchemaName="pp_payment" parentDisplayName="Payment" solution="PowerPages_Payments_V2 (1.0.2.0)">
          <package>PowerPages_Stripe_V2 (1.0.2.0)</package>
        </Required>
        <Dependent type="60" displayName="Payment main form" parentDisplayName="Payment" id="{13e5e384-38c6-ee11-9079-002248e1d3a1}" />
      </MissingDependency>
      <MissingDependency>
        <Required type="2" schemaName="pp_paymenttime" displayName="Payment date time" parentSchemaName="pp_payment" parentDisplayName="Payment" solution="PowerPages_Payments_V2 (1.0.2.0)">
          <package>PowerPages_Stripe_V2 (1.0.2.0)</package>
        </Required>
        <Dependent type="60" displayName="Information" parentDisplayName="Payment" id="{e53cf526-a455-41ee-bafe-9f76c0901290}" />
      </MissingDependency>
      <MissingDependency>
        <Required type="2" schemaName="pp_provider" displayName="Provider" parentSchemaName="pp_payment" parentDisplayName="Payment" solution="PowerPages_Payments_V2 (1.0.2.0)">
          <package>PowerPages_Stripe_V2 (1.0.2.0)</package>
        </Required>
        <Dependent type="60" displayName="Payment main form" parentDisplayName="Payment" id="{13e5e384-38c6-ee11-9079-002248e1d3a1}" />
      </MissingDependency>
      <MissingDependency>
        <Required type="2" schemaName="pp_provider" displayName="Provider" parentSchemaName="pp_payment" parentDisplayName="Payment" solution="PowerPages_Payments_V2 (1.0.2.0)">
          <package>PowerPages_Stripe_V2 (1.0.2.0)</package>
        </Required>
        <Dependent type="60" displayName="Information" parentDisplayName="Payment" id="{e53cf526-a455-41ee-bafe-9f76c0901290}" />
      </MissingDependency>
      <MissingDependency>
        <Required type="2" schemaName="pp_regarding" displayName="Regarding" parentSchemaName="pp_payment" parentDisplayName="Payment" solution="PowerPages_Payments_V2 (1.0.2.0)">
          <package>PowerPages_Stripe_V2 (1.0.2.0)</package>
        </Required>
        <Dependent type="60" displayName="Payment main form" parentDisplayName="Payment" id="{13e5e384-38c6-ee11-9079-002248e1d3a1}" />
      </MissingDependency>
      <MissingDependency>
        <Required type="2" schemaName="pp_regarding" displayName="Regarding" parentSchemaName="pp_payment" parentDisplayName="Payment" solution="PowerPages_Payments_V2 (1.0.2.0)">
          <package>PowerPages_Stripe_V2 (1.0.2.0)</package>
        </Required>
        <Dependent type="60" displayName="Information" parentDisplayName="Payment" id="{e53cf526-a455-41ee-bafe-9f76c0901290}" />
      </MissingDependency>
      <MissingDependency>
        <Required type="2" schemaName="pp_site" displayName="Site" parentSchemaName="pp_payment" parentDisplayName="Payment" solution="PowerPages_Payments_V2 (1.0.2.0)">
          <package>PowerPages_Stripe_V2 (1.0.2.0)</package>
        </Required>
        <Dependent type="60" displayName="Payment main form" parentDisplayName="Payment" id="{13e5e384-38c6-ee11-9079-002248e1d3a1}" />
      </MissingDependency>
      <MissingDependency>
        <Required type="2" schemaName="pp_site" displayName="Site" parentSchemaName="pp_payment" parentDisplayName="Payment" solution="PowerPages_Payments_V2 (1.0.2.0)">
          <package>PowerPages_Stripe_V2 (1.0.2.0)</package>
        </Required>
        <Dependent type="60" displayName="Information" parentDisplayName="Payment" id="{e53cf526-a455-41ee-bafe-9f76c0901290}" />
      </MissingDependency>
      <MissingDependency>
        <Required type="2" schemaName="pp_user" displayName="User" parentSchemaName="pp_payment" parentDisplayName="Payment" solution="PowerPages_Payments_V2 (1.0.2.0)">
          <package>PowerPages_Stripe_V2 (1.0.2.0)</package>
        </Required>
        <Dependent type="60" displayName="Payment main form" parentDisplayName="Payment" id="{13e5e384-38c6-ee11-9079-002248e1d3a1}" />
      </MissingDependency>
      <MissingDependency>
        <Required type="2" schemaName="pp_user" displayName="User" parentSchemaName="pp_payment" parentDisplayName="Payment" solution="PowerPages_Payments_V2 (1.0.2.0)">
          <package>PowerPages_Stripe_V2 (1.0.2.0)</package>
        </Required>
        <Dependent type="60" displayName="Information" parentDisplayName="Payment" id="{e53cf526-a455-41ee-bafe-9f76c0901290}" />
      </MissingDependency>
      <MissingDependency>
        <Required type="2" schemaName="statecode" displayName="Status" parentSchemaName="pp_payment" parentDisplayName="Payment" solution="PowerPages_Payments_V2 (1.0.2.0)">
          <package>PowerPages_Stripe_V2 (1.0.2.0)</package>
        </Required>
        <Dependent type="60" displayName="Payment main form" parentDisplayName="Payment" id="{13e5e384-38c6-ee11-9079-002248e1d3a1}" />
      </MissingDependency>
      <MissingDependency>
        <Required type="2" schemaName="statecode" displayName="Status" parentSchemaName="pp_payment" parentDisplayName="Payment" solution="PowerPages_Payments_V2 (1.0.2.0)">
          <package>PowerPages_Stripe_V2 (1.0.2.0)</package>
        </Required>
        <Dependent type="60" displayName="Information" parentDisplayName="Payment" id="{e53cf526-a455-41ee-bafe-9f76c0901290}" />
      </MissingDependency>
      <MissingDependency>
        <Required type="2" schemaName="statuscode" displayName="Status Reason" parentSchemaName="pp_payment" parentDisplayName="Payment" solution="PowerPages_Payments_V2 (1.0.2.0)">
          <package>PowerPages_Stripe_V2 (1.0.2.0)</package>
        </Required>
        <Dependent type="60" displayName="Payment main form" parentDisplayName="Payment" id="{13e5e384-38c6-ee11-9079-002248e1d3a1}" />
      </MissingDependency>
      <MissingDependency>
        <Required type="2" schemaName="statuscode" displayName="Status Reason" parentSchemaName="pp_payment" parentDisplayName="Payment" solution="PowerPages_Payments_V2 (1.0.2.0)">
          <package>PowerPages_Stripe_V2 (1.0.2.0)</package>
        </Required>
        <Dependent type="60" displayName="Information" parentDisplayName="Payment" id="{e53cf526-a455-41ee-bafe-9f76c0901290}" />
      </MissingDependency>
      <MissingDependency>
        <Required type="2" schemaName="transactioncurrencyid" displayName="Currency" parentSchemaName="pp_payment" parentDisplayName="Payment" solution="Active" />
        <Dependent type="60" displayName="Payment main form" parentDisplayName="Payment" id="{13e5e384-38c6-ee11-9079-002248e1d3a1}" />
      </MissingDependency>
      <MissingDependency>
        <Required type="2" schemaName="transactioncurrencyid" displayName="Currency" parentSchemaName="pp_payment" parentDisplayName="Payment" solution="Active" />
        <Dependent type="60" displayName="Information" parentDisplayName="Payment" id="{e53cf526-a455-41ee-bafe-9f76c0901290}" />
      </MissingDependency>
      <MissingDependency>
        <Required type="60" displayName="Information" parentDisplayName="Payment" solution="PowerPages_Payments_V2 (1.0.2.0)" id="{e53cf526-a455-41ee-bafe-9f76c0901290}">
          <package>PowerPages_Stripe_V2 (1.0.2.0)</package>
        </Required>
        <Dependent type="60" displayName="Information" parentDisplayName="Payment" id="{e53cf526-a455-41ee-bafe-9f76c0901290}" />
      </MissingDependency>
      <MissingDependency>
        <Required type="9" schemaName="pp_provider" displayName="Provider" solution="PowerPages_Payments_V2 (1.0.2.0)">
          <package>PowerPages_Stripe_V2 (1.0.2.0)</package>
        </Required>
        <Dependent type="9" schemaName="pp_provider" displayName="Provider" />
      </MissingDependency>
    </MissingDependencies>
  </SolutionManifest>
</ImportExportXml>