<environmentvariabledefinition schemaname="tec_PAYPAL_CLIENT_SECRET">
  <description default="PayPal client secret">
    <label description="PayPal client secret" languagecode="1033" />
  </description>
  <displayname default="PAYPAL_CLIENT_SECRET">
    <label description="PAYPAL_CLIENT_SECRET" languagecode="1033" />
  </displayname>
  <introducedversion>1.0.0.0</introducedversion>
  <iscustomizable>1</iscustomizable>
  <isrequired>0</isrequired>
  <secretstore>0</secretstore>
  <type>100000000</type>
</environmentvariabledefinition>